split,epoch,version,samples,accuracy,loss,step1_mean,step1_zero_fraction,step1_inactive_neurons,step2_mean,step2_zero_fraction,step2_inactive_neurons,step3_mean,step3_zero_fraction,step3_inactive_neurons
train,0,0,704,0.3338068181818182,1.107020616531372,0.028317635878920555,0.24785511363636364,1,0.007473487872630358,0.3130113636363636,15,0.0039912378415465355,0.12451704545454545,0
train,1,11,704,0.3338068181818182,1.100359559059143,0.035114675760269165,0.27987215909090907,1,0.029410701245069504,0.1846875,3,0.029610075056552887,0.08964488636363636,2
train,2,22,704,0.41761363636363635,1.0847883224487305,0.05117480084300041,0.23944602272727272,4,0.06904363632202148,0.16507102272727273,4,0.10190386325120926,0.042002840909090906,0
train,3,33,704,0.5923295454545454,1.0606915950775146,0.06650333851575851,0.20025568181818182,8,0.11514702439308167,0.17714488636363637,3,0.21440254151821136,0.0328125,0
train,4,44,704,0.5213068181818182,1.036527156829834,0.0755019560456276,0.20801136363636363,6,0.1474142074584961,0.21475852272727272,4,0.32074710726737976,0.04032670454545455,0
train,5,55,704,0.5113636363636364,1.0103462934494019,0.0757983848452568,0.21703125,6,0.1403164565563202,0.26413352272727275,5,0.32339349389076233,0.07005681818181818,0
train,6,66,704,0.53125,0.9852221012115479,0.07437487691640854,0.2572301136363636,6,0.13006943464279175,0.32014204545454544,3,0.30594444274902344,0.15404829545454546,0
train,7,77,704,0.5710227272727273,0.9589023590087891,0.08011015504598618,0.25328125,5,0.1478658765554428,0.3273011363636364,7,0.37783363461494446,0.17400568181818182,0
train,8,88,704,0.6278409090909091,0.9273788928985596,0.0846639946103096,0.2512926136363636,5,0.1518242508172989,0.3338352272727273,8,0.3987901508808136,0.15620738636363637,0
train,9,99,704,0.6122159090909091,0.8901281356811523,0.09260459989309311,0.2426278409090909,4,0.15979011356830597,0.34639204545454544,8,0.42930465936660767,0.13887784090909092,0
train,10,110,704,0.6221590909090909,0.8448690176010132,0.1035580262541771,0.23789772727272726,5,0.1998520940542221,0.3198011363636364,8,0.5579835772514343,0.1345028409090909,0
train,11,121,704,0.625,0.7968946099281311,0.11575699597597122,0.2227840909090909,3,0.23056471347808838,0.3212073863636364,8,0.6563252210617065,0.1367471590909091,2
train,12,132,704,0.6178977272727273,0.7562621831893921,0.1272653043270111,0.21383522727272727,3,0.2561342418193817,0.3305965909090909,8,0.7503001689910889,0.1339630681818182,2
train,13,143,704,0.6292613636363636,0.7214336395263672,0.1382967084646225,0.20904829545454545,3,0.2911570072174072,0.3254971590909091,7,0.8769671320915222,0.12941761363636364,4
train,14,154,704,0.6519886363636364,0.6948858499526978,0.14670835435390472,0.20738636363636365,2,0.3301791250705719,0.31208806818181817,5,1.0181517601013184,0.12254261363636364,4
train,15,165,704,0.65625,0.6667574644088745,0.15213122963905334,0.20643465909090908,2,0.3293764591217041,0.33061079545454547,7,1.0066553354263306,0.12265625,4
train,16,176,704,0.6747159090909091,0.6416780352592468,0.15837432444095612,0.20734375,2,0.3538844883441925,0.32477272727272727,6,1.0999780893325806,0.11122159090909091,4
train,17,187,704,0.7017045454545454,0.607154130935669,0.16492539644241333,0.20538352272727273,1,0.37393316626548767,0.32823863636363637,7,1.1949567794799805,0.10588068181818182,4
train,18,198,704,0.7386363636363636,0.5737119913101196,0.17089468240737915,0.20514204545454545,1,0.3956083357334137,0.32519886363636363,5,1.2824795246124268,0.1015625,3
train,19,209,704,0.7826704545454546,0.5382146239280701,0.17857226729393005,0.2029403409090909,1,0.41506052017211914,0.3273721590909091,6,1.3604514598846436,0.09823863636363636,3
train,20,220,704,0.7897727272727273,0.5081968903541565,0.184459388256073,0.20505681818181817,1,0.42001137137413025,0.34029829545454543,6,1.3792972564697266,0.095,3
train,21,231,704,0.828125,0.4621855616569519,0.19195778667926788,0.20352272727272727,1,0.45253410935401917,0.333125,5,1.5532633066177368,0.08965909090909091,3
train,22,242,704,0.859375,0.4206456243991852,0.1989268958568573,0.20103693181818183,1,0.46840181946754456,0.34045454545454545,5,1.6247236728668213,0.08625,3
train,23,253,704,0.9133522727272727,0.3821412920951843,0.20602339506149292,0.20073863636363637,1,0.49349305033683777,0.33703125,4,1.7317085266113281,0.08559659090909091,3
train,24,264,704,0.9275568181818182,0.35696670413017273,0.2150767594575882,0.1976278409090909,1,0.5427777767181396,0.3205113636363636,4,1.9627273082733154,0.08681818181818182,3
train,25,275,704,0.9232954545454546,0.31332719326019287,0.22112151980400085,0.1984375,1,0.5317190885543823,0.34107954545454544,5,1.9066507816314697,0.08501420454545454,3
train,26,286,704,0.9346590909090909,0.2789292633533478,0.22761598229408264,0.19688920454545455,1,0.5566724538803101,0.33921875,5,2.0517406463623047,0.08100852272727273,3
train,27,297,704,0.9573863636363636,0.24477618932724,0.23575589060783386,0.1901278409090909,1,0.6017708778381348,0.3320880681818182,5,2.258680820465088,0.08732954545454545,3
train,28,308,704,0.9602272727272727,0.21762897074222565,0.24136002361774445,0.19302556818181818,1,0.6246351003646851,0.3344602272727273,4,2.3886258602142334,0.08725852272727273,2
train,29,319,704,0.9602272727272727,0.19091369211673737,0.2474270612001419,0.19508522727272729,0,0.6352711915969849,0.3470170454545455,5,2.428812265396118,0.09116477272727273,2
train,30,330,704,0.9673295454545454,0.1686585545539856,0.25327467918395996,0.195,1,0.66524738073349,0.3452840909090909,5,2.5801002979278564,0.09176136363636364,2
train,31,341,704,0.9701704545454546,0.1536175161600113,0.2585161030292511,0.19649147727272728,1,0.6788732409477234,0.3513778409090909,5,2.6220204830169678,0.09467329545454546,3
train,32,352,704,0.9730113636363636,0.13887180387973785,0.2629542052745819,0.19444602272727274,1,0.6957173347473145,0.3545028409090909,3,2.7036774158477783,0.09356534090909091,2
train,33,363,704,0.9630681818181818,0.1401839405298233,0.26635366678237915,0.19823863636363637,1,0.7300618886947632,0.34363636363636363,3,2.883185625076294,0.09198863636363637,2
train,34,374,704,0.96875,0.11864367127418518,0.2697700262069702,0.20082386363636365,1,0.7367814779281616,0.3524573863636364,3,2.905682325363159,0.0944034090909091,2
train,35,385,704,0.9801136363636364,0.1045168936252594,0.2734213173389435,0.19961647727272727,1,0.756646990776062,0.35055397727272725,3,2.9775874614715576,0.09717329545454545,2
train,36,396,704,0.9815340909090909,0.0953906700015068,0.276758074760437,0.20041193181818182,1,0.7703776955604553,0.3509375,3,3.044475555419922,0.09744318181818182,2
train,37,407,704,0.9758522727272727,0.09558817744255066,0.2801489531993866,0.20076704545454546,1,0.7875638008117676,0.3500284090909091,3,3.142436981201172,0.09738636363636363,2
train,38,418,704,0.9886363636363636,0.07988908141851425,0.28228241205215454,0.20279829545454545,1,0.7839648127555847,0.36038352272727275,3,3.1355960369110107,0.09634943181818181,2
train,39,429,704,0.9928977272727273,0.07293843477964401,0.28473180532455444,0.20247159090909092,1,0.7964971661567688,0.35798295454545453,3,3.154932737350464,0.0987784090909091,2
train,40,440,704,0.9886363636363636,0.0691450908780098,0.28843098878860474,0.20345170454545455,1,0.8219139575958252,0.3529119318181818,3,3.325613498687744,0.09463068181818182,1
train,41,451,704,0.9701704545454546,0.11468713730573654,0.289811909198761,0.20446022727272728,1,0.8555619120597839,0.33757102272727274,2,3.506847381591797,0.09147727272727273,1
train,42,462,704,0.9957386363636364,0.05979814752936363,0.2895718514919281,0.20740056818181818,1,0.8230603933334351,0.3562215909090909,2,3.303560972213745,0.08667613636363636,1
train,43,473,704,0.9957386363636364,0.054681356996297836,0.29157331585884094,0.20975852272727272,1,0.8383517265319824,0.35448863636363637,2,3.3835623264312744,0.08654829545454545,1
train,44,484,704,0.9957386363636364,0.05063178390264511,0.29413437843322754,0.2095880681818182,1,0.8473795652389526,0.35607954545454545,2,3.4410524368286133,0.0852840909090909,1
train,45,495,704,0.9985795454545454,0.0464060939848423,0.2965526580810547,0.20896306818181817,1,0.8589696288108826,0.35268465909090907,2,3.486151933670044,0.08551136363636364,1
train,46,506,704,1.0,0.042859192937612534,0.2989388108253479,0.20992897727272727,1,0.869799017906189,0.3537215909090909,2,3.5565531253814697,0.08541193181818182,1
train,47,517,704,0.9971590909090909,0.04118509590625763,0.30149969458580017,0.20985795454545456,0,0.8764786720275879,0.35633522727272726,2,3.582332134246826,0.08673295454545454,2
train,48,528,704,0.9985795454545454,0.03739812225103378,0.3032883107662201,0.21032670454545455,0,0.8869715929031372,0.35436079545454546,2,3.638025999069214,0.08671875,2
train,49,539,704,0.9957386363636364,0.040934886783361435,0.3049241602420807,0.21163352272727273,1,0.8851495981216431,0.3615625,3,3.645094633102417,0.08619318181818182,2
train,50,550,704,1.0,0.03308037668466568,0.30716896057128906,0.21110795454545456,0,0.9071805477142334,0.3529971590909091,2,3.7564404010772705,0.08565340909090909,2
train,51,561,704,1.0,0.03346617519855499,0.309199720621109,0.21073863636363635,0,0.9202471375465393,0.35048295454545453,2,3.823528528213501,0.08571022727272727,2
train,52,572,704,0.9985795454545454,0.02944924682378769,0.311359167098999,0.21098011363636363,1,0.9205635786056519,0.35569602272727274,2,3.818206787109375,0.08650568181818181,2
train,53,583,704,1.0,0.028535746037960052,0.312710165977478,0.21170454545454545,1,0.9373212456703186,0.3511931818181818,2,3.933072090148926,0.08428977272727273,2
train,54,594,704,0.9985795454545454,0.025955282151699066,0.3142339289188385,0.21140625,0,0.9348121285438538,0.3564346590909091,2,3.8916139602661133,0.0853125,2
train,55,605,704,1.0,0.02436124160885811,0.31597405672073364,0.21217329545454544,0,0.9478904008865356,0.35404829545454547,2,3.976968765258789,0.08411931818181818,2
train,56,616,704,0.9985795454545454,0.023176973685622215,0.31760939955711365,0.21159090909090908,0,0.9477423429489136,0.35889204545454545,3,3.9681828022003174,0.08411931818181818,2
train,57,627,704,1.0,0.021745668724179268,0.31888261437416077,0.21227272727272728,0,0.96079421043396,0.3548153409090909,2,4.0512285232543945,0.08221590909090909,2
train,58,638,704,1.0,0.020442912355065346,0.32055166363716125,0.21272727272727274,0,0.9677724242210388,0.35446022727272725,2,4.084996223449707,0.08261363636363636,2
train,59,649,704,1.0,0.019329722970724106,0.3218689262866974,0.21299715909090908,0,0.9720447063446045,0.3559943181818182,2,4.1031084060668945,0.08302556818181818,2
train,60,660,704,1.0,0.0188861433416605,0.32329118251800537,0.21292613636363636,0,0.9756799340248108,0.35896306818181817,2,4.122603416442871,0.08301136363636363,2
train,61,671,704,1.0,0.017806388437747955,0.32452860474586487,0.2131818181818182,0,0.9880780577659607,0.3541193181818182,2,4.195553779602051,0.08205965909090909,2
train,62,682,704,1.0,0.016690833494067192,0.32592254877090454,0.2133096590909091,0,0.9916521906852722,0.3569318181818182,2,4.208001613616943,0.08282670454545454,2
train,63,693,704,1.0,0.01607373170554638,0.32713478803634644,0.21410511363636364,0,0.9942747950553894,0.3590482954545455,2,4.223987579345703,0.0828125,2
train,64,704,704,1.0,0.01563151367008686,0.32866448163986206,0.21380681818181818,1,1.0088363885879517,0.35397727272727275,2,4.306480884552002,0.08223011363636364,2
train,65,715,704,1.0,0.014570634812116623,0.32981806993484497,0.21448863636363635,0,1.0106258392333984,0.3572727272727273,2,4.317198276519775,0.08251420454545455,2
train,66,726,704,1.0,0.0139164412394166,0.330701619386673,0.214375,0,1.0139530897140503,0.3576846590909091,3,4.322239398956299,0.08292613636363637,2
train,67,737,704,1.0,0.013481095433235168,0.3317106366157532,0.21551136363636364,0,1.0243254899978638,0.35461647727272727,2,4.393002986907959,0.08284090909090909,2
train,68,748,704,1.0,0.012727845460176468,0.3330041766166687,0.21555397727272727,0,1.0264697074890137,0.35825284090909093,2,4.405745506286621,0.08245738636363636,2
train,69,759,704,1.0,0.012531825341284275,0.3340388238430023,0.21515625,0,1.0341148376464844,0.35529829545454544,2,4.438021183013916,0.08269886363636364,2
train,70,770,704,0.9985795454545454,0.014214101247489452,0.3350476324558258,0.215,0,1.0290982723236084,0.36230113636363637,2,4.407146453857422,0.08409090909090909,2
train,71,781,704,1.0,0.012052824720740318,0.335988849401474,0.21534090909090908,0,1.0453577041625977,0.3562215909090909,2,4.506475448608398,0.0834090909090909,2
train,72,792,704,1.0,0.010867718607187271,0.33688443899154663,0.21559659090909092,0,1.046051263809204,0.35785511363636363,2,4.500312328338623,0.0839346590909091,2
train,73,803,704,1.0,0.010414705611765385,0.3378221392631531,0.21617897727272728,0,1.0494720935821533,0.3584659090909091,3,4.515395641326904,0.08390625,2
train,74,814,704,1.0,0.010049558244645596,0.3388128876686096,0.21696022727272726,0,1.0525712966918945,0.35951704545454544,2,4.542679786682129,0.08353693181818182,2
train,75,825,704,1.0,0.009606256149709225,0.33971938490867615,0.21720170454545454,0,1.0608887672424316,0.3582244318181818,2,4.590415954589844,0.08373579545454546,2
train,76,836,704,1.0,0.009285748936235905,0.34090563654899597,0.21625,0,1.0620243549346924,0.36045454545454547,3,4.581457614898682,0.08505681818181818,2
train,77,847,704,1.0,0.008936174213886261,0.3418070375919342,0.21691761363636364,0,1.070791482925415,0.35828125,2,4.647747993469238,0.08426136363636363,2
train,78,858,704,1.0,0.00862281583249569,0.34272873401641846,0.21660511363636364,0,1.0718371868133545,0.36076704545454547,3,4.650900840759277,0.0846875,2
train,79,869,704,1.0,0.008333291858434677,0.34344255924224854,0.21717329545454545,0,1.0788096189498901,0.3588636363636364,2,4.684256076812744,0.0846875,2
train,80,880,704,1.0,0.008041062392294407,0.3444768786430359,0.21681818181818183,0,1.080296277999878,0.3603409090909091,2,4.686174392700195,0.08507102272727272,2
train,81,891,704,1.0,0.007731157820671797,0.34540170431137085,0.21696022727272726,0,1.0863664150238037,0.3591335227272727,2,4.711319923400879,0.08545454545454545,2
train,82,902,704,1.0,0.0074662403203547,0.3462696671485901,0.21732954545454544,0,1.0919625759124756,0.3528125,1,4.7539896965026855,0.08416193181818182,2
train,83,913,704,1.0,0.007320570759475231,0.347064346075058,0.21751420454545456,0,1.1012004613876343,0.34877840909090907,1,4.780401706695557,0.08383522727272727,2
train,84,924,704,1.0,0.006996616721153259,0.3478109836578369,0.2172443181818182,0,1.1008918285369873,0.353125,2,4.78851318359375,0.08424715909090909,2
train,85,935,704,1.0,0.006715255789458752,0.3485550880432129,0.2173721590909091,0,1.1071105003356934,0.35217329545454545,1,4.818480491638184,0.08399147727272727,2
train,86,946,704,1.0,0.006461243145167828,0.3494454622268677,0.21751420454545456,0,1.1106330156326294,0.35350852272727273,1,4.8408331871032715,0.08416193181818182,2
train,87,957,704,1.0,0.006272712256759405,0.3501950800418854,0.21791193181818183,0,1.1159734725952148,0.35274147727272726,1,4.877964973449707,0.0834090909090909,2
train,88,968,704,1.0,0.006035048980265856,0.3510861098766327,0.2177840909090909,0,1.1192643642425537,0.3533522727272727,1,4.892323017120361,0.08375,2
train,89,979,704,1.0,0.006061942782253027,0.3518378436565399,0.21748579545454547,0,1.1192532777786255,0.3562357954545455,1,4.899593353271484,0.08382102272727272,2
train,90,990,704,1.0,0.007436642423272133,0.3524045944213867,0.21751420454545456,0,1.1367015838623047,0.34711647727272726,1,4.986331462860107,0.08352272727272728,2
train,91,1001,704,1.0,0.005971439648419619,0.35306715965270996,0.21745738636363637,0,1.1226779222488403,0.35806818181818184,2,4.920559406280518,0.08458806818181819,2
train,92,1012,704,1.0,0.005517167504876852,0.3535575866699219,0.21776988636363637,0,1.1335841417312622,0.3527840909090909,1,4.967076301574707,0.08440340909090908,2
train,93,1023,704,1.0,0.005191751290112734,0.35430020093917847,0.21779829545454546,0,1.1352306604385376,0.35407670454545453,1,4.975525379180908,0.08515625,2
train,94,1034,704,1.0,0.0050582741387188435,0.355026513338089,0.21792613636363636,0,1.1402873992919922,0.3537784090909091,1,5.0125226974487305,0.08502840909090909,2
train,95,1045,704,1.0,0.004882491659373045,0.3557833433151245,0.21754261363636362,0,1.1422404050827026,0.35447443181818183,2,5.016366481781006,0.08575284090909091,2
train,96,1056,704,1.0,0.004753515589982271,0.35624656081199646,0.21796875,0,1.144273042678833,0.355,1,5.026350498199463,0.08612215909090909,2
train,97,1067,704,1.0,0.00466380687430501,0.3569606840610504,0.21838068181818182,0,1.1491817235946655,0.35484375,1,5.071777820587158,0.08545454545454545,2
train,98,1078,704,1.0,0.00446627102792263,0.35767894983291626,0.21779829545454546,0,1.1523381471633911,0.3547017045454545,1,5.072308540344238,0.08693181818181818,2
train,99,1089,704,1.0,0.004337782971560955,0.3584120571613312,0.21776988636363637,0,1.155941367149353,0.35467329545454546,1,5.0872602462768555,0.08757102272727273,2
train,100,1100,704,1.0,0.004225870594382286,0.3589656949043274,0.21836647727272726,0,1.1597802639007568,0.35525568181818185,1,5.125484466552734,0.08694602272727273,2
train,101,1111,704,1.0,0.004139264114201069,0.35971230268478394,0.21802556818181817,0,1.1595371961593628,0.3570028409090909,2,5.116649627685547,0.0879403409090909,2
train,102,1122,704,1.0,0.003984289243817329,0.3602747917175293,0.21818181818181817,0,1.1662616729736328,0.3548863636363636,1,5.1524176597595215,0.08823863636363637,2
train,103,1133,704,1.0,0.003886678721755743,0.36085766553878784,0.21860795454545454,0,1.1690499782562256,0.3555397727272727,1,5.17716646194458,0.08805397727272728,2
train,104,1144,704,1.0,0.0038236489053815603,0.36149537563323975,0.21829545454545454,0,1.1721289157867432,0.3550710227272727,1,5.181125640869141,0.08849431818181819,2
train,105,1155,704,1.0,0.0037655336782336235,0.3621169626712799,0.21853693181818182,0,1.1792336702346802,0.35255681818181817,1,5.228240013122559,0.08823863636363637,2
train,106,1166,704,1.0,0.003598228096961975,0.36254534125328064,0.21828125,0,1.1776715517044067,0.3555397727272727,1,5.211533069610596,0.08936079545454545,2
train,107,1177,704,1.0,0.003520389785990119,0.3631332814693451,0.21859375,0,1.1820751428604126,0.3482386363636364,0,5.2465643882751465,0.08801136363636364,2
train,108,1188,704,1.0,0.003400166518986225,0.3638296127319336,0.21823863636363636,0,1.183848261833191,0.35042613636363634,0,5.255543231964111,0.0885653409090909,2
train,109,1199,704,1.0,0.0033396228682249784,0.36431241035461426,0.21821022727272726,0,1.1850579977035522,0.3536079545454546,0,5.252134323120117,0.09005681818181818,2
train,110,1210,704,1.0,0.0032340011093765497,0.3648948669433594,0.21863636363636363,0,1.1919547319412231,0.3492613636363636,0,5.297281742095947,0.08853693181818181,2
train,111,1221,704,1.0,0.0031605870462954044,0.3655034601688385,0.21836647727272726,0,1.1954423189163208,0.34877840909090907,0,5.308579444885254,0.08903409090909091,2
train,112,1232,704,1.0,0.0030827976297587156,0.3660903871059418,0.21832386363636364,0,1.1959985494613647,0.3513636363636364,0,5.319599628448486,0.09005681818181818,2
train,113,1243,704,1.0,0.0030112394597381353,0.36647042632102966,0.21845170454545454,0,1.2003101110458374,0.3500284090909091,0,5.3351874351501465,0.09015625,2
train,114,1254,704,1.0,0.0029110379982739687,0.36701226234436035,0.2184090909090909,0,1.2001312971115112,0.3524573863636364,0,5.3370137214660645,0.09103693181818182,2
train,115,1265,704,1.0,0.0028573470190167427,0.36755526065826416,0.21821022727272726,0,1.2062976360321045,0.3498153409090909,0,5.355216979980469,0.0915625,2
train,116,1276,704,1.0,0.002800937509164214,0.3679574429988861,0.21870738636363637,0,1.2099108695983887,0.35004261363636363,0,5.3975372314453125,0.09109375,2
train,117,1287,704,1.0,0.002747531747445464,0.36849498748779297,0.21839488636363635,0,1.2069586515426636,0.35274147727272726,0,5.366714000701904,0.09230113636363636,2
train,118,1298,704,1.0,0.002728452440351248,0.36897632479667664,0.2183096590909091,0,1.2157925367355347,0.3486221590909091,0,5.4089837074279785,0.09197443181818182,2
train,119,1309,704,1.0,0.0026112680789083242,0.36946648359298706,0.2183096590909091,0,1.215613603591919,0.35125,0,5.421976089477539,0.09258522727272728,2
train,120,1320,704,1.0,0.0025667923036962748,0.36991044878959656,0.21839488636363635,0,1.2196567058563232,0.34928977272727274,0,5.440690040588379,0.09215909090909091,2
train,121,1331,704,1.0,0.0024513876996934414,0.3703547716140747,0.21863636363636363,0,1.21885347366333,0.35144886363636363,0,5.443110466003418,0.0925,2
train,122,1342,704,1.0,0.0024234491866081953,0.37080803513526917,0.2183380681818182,0,1.219469666481018,0.3532954545454545,0,5.439473628997803,0.09366477272727272,2
train,123,1353,704,1.0,0.002321920357644558,0.37118279933929443,0.2184659090909091,0,1.223410725593567,0.3522727272727273,0,5.449051380157471,0.09434659090909091,2
train,124,1364,704,1.0,0.0023280514869838953,0.37167203426361084,0.21853693181818182,0,1.222825288772583,0.3542471590909091,0,5.458336353302002,0.09393465909090909,2
train,125,1375,704,1.0,0.002272464567795396,0.3721470534801483,0.2184659090909091,0,1.2312259674072266,0.35015625,0,5.489511489868164,0.09393465909090909,2
train,126,1386,704,1.0,0.0021759322844445705,0.37257134914398193,0.21873579545454547,0,1.2311923503875732,0.3524573863636364,0,5.514349460601807,0.09375,2
train,127,1397,704,1.0,0.002121217316016555,0.37306973338127136,0.21842329545454545,0,1.23211669921875,0.3529119318181818,0,5.502630233764648,0.09454545454545454,2
train,128,1408,704,1.0,0.0020817955955863,0.37355029582977295,0.2184659090909091,0,1.236791968345642,0.3513636363636364,0,5.525747299194336,0.09438920454545455,2
train,129,1419,704,1.0,0.002021168824285269,0.37398913502693176,0.21852272727272729,0,1.2389979362487793,0.3518181818181818,0,5.542729377746582,0.09467329545454546,2
train,130,1430,704,1.0,0.0019855124410241842,0.3743961453437805,0.2188778409090909,0,1.240731954574585,0.3527840909090909,0,5.563349723815918,0.09460227272727273,2
train,131,1441,704,1.0,0.0019369072979316115,0.3748756945133209,0.21866477272727272,0,1.2427226305007935,0.35234375,0,5.5702080726623535,0.09441761363636364,2
train,132,1452,704,1.0,0.0019020590698346496,0.3753511607646942,0.21853693181818182,0,1.244463324546814,0.3527130681818182,0,5.573244571685791,0.09498579545454545,2
train,133,1463,704,1.0,0.0018567348597571254,0.37577128410339355,0.21839488636363635,0,1.249205231666565,0.35157670454545453,0,5.610996723175049,0.09478693181818182,2
train,134,1474,704,1.0,0.001810031826607883,0.3762943744659424,0.21821022727272726,0,1.2499405145645142,0.3524431818181818,0,5.611196041107178,0.09519886363636364,2
train,135,1485,704,1.0,0.0017959617543965578,0.3766457438468933,0.21842329545454545,0,1.2543201446533203,0.3510369318181818,0,5.63912296295166,0.09491477272727272,2
train,136,1496,704,1.0,0.001755904289893806,0.37697693705558777,0.21806818181818183,0,1.251930594444275,0.35350852272727273,0,5.6183881759643555,0.09569602272727273,2
train,137,1507,704,1.0,0.0017899359809234738,0.3772662878036499,0.21839488636363635,0,1.2594374418258667,0.3499431818181818,0,5.666036605834961,0.09515625,2
train,138,1518,704,1.0,0.0016883168136700988,0.37765759229660034,0.2183380681818182,0,1.2559840679168701,0.35404829545454547,0,5.65757942199707,0.0953125,2
train,139,1529,704,1.0,0.0016387600917369127,0.37814512848854065,0.21815340909090908,0,1.2586177587509155,0.3534943181818182,0,5.664865016937256,0.09532670454545454,2
train,140,1540,704,1.0,0.001606631907634437,0.3785647749900818,0.21826704545454545,0,1.2628586292266846,0.3521590909090909,0,5.6857428550720215,0.09553977272727272,2
train,141,1551,704,1.0,0.0015714123146608472,0.3789408802986145,0.21839488636363635,0,1.2637625932693481,0.35298295454545453,0,5.701076030731201,0.09538352272727273,2
train,142,1562,704,1.0,0.0015392358181998134,0.3794059753417969,0.218125,0,1.2669204473495483,0.3524573863636364,0,5.710997581481934,0.09599431818181818,2
train,143,1573,704,1.0,0.0015824035508558154,0.37980037927627563,0.21801136363636364,0,1.2641993761062622,0.3552130681818182,1,5.68648099899292,0.09660511363636363,2
train,144,1584,704,1.0,0.0015746207209303975,0.3800111711025238,0.21848011363636363,0,1.2737606763839722,0.35032670454545456,0,5.762526512145996,0.09528409090909092,2
train,145,1595,704,1.0,0.0015686947153881192,0.3805399239063263,0.21782670454545455,0,1.2669997215270996,0.3560653409090909,1,5.715016841888428,0.09744318181818182,2
train,146,1606,704,1.0,0.0014427806017920375,0.38079404830932617,0.21829545454545454,0,1.275395393371582,0.3521448863636364,0,5.765090465545654,0.09634943181818181,2
train,147,1617,704,1.0,0.0014077157247811556,0.3810676336288452,0.2184090909090909,0,1.2729003429412842,0.3546448863636364,1,5.755781173706055,0.09676136363636363,2
train,148,1628,704,1.0,0.0013713595690205693,0.381519079208374,0.2184375,0,1.278043508529663,0.35286931818181816,0,5.782569885253906,0.09643465909090909,2
train,149,1639,704,1.0,0.001342454575933516,0.38193491101264954,0.21821022727272726,0,1.2790216207504272,0.3538210227272727,1,5.783661365509033,0.09737215909090909,2
train,150,1650,704,1.0,0.001321384683251381,0.38228240609169006,0.21832386363636364,0,1.2823718786239624,0.3530255681818182,0,5.8091301918029785,0.09713068181818182,2
train,151,1661,704,1.0,0.0014017137000337243,0.3827833831310272,0.2177840909090909,0,1.2781251668930054,0.35660511363636366,1,5.776772499084473,0.09796875,2
train,152,1672,704,1.0,0.0013056924799457192,0.38309451937675476,0.21821022727272726,0,1.2881159782409668,0.35160511363636365,0,5.831437110900879,0.09708806818181819,2
train,153,1683,704,1.0,0.0012682625092566013,0.3833792805671692,0.2183380681818182,0,1.2848628759384155,0.3548721590909091,1,5.8328166007995605,0.09769886363636364,2
train,154,1694,704,1.0,0.0012430738424882293,0.38377633690834045,0.21825284090909092,0,1.2860844135284424,0.355,1,5.831663131713867,0.09785511363636364,2
train,155,1705,704,1.0,0.001212454866617918,0.3841091990470886,0.2183380681818182,0,1.2924790382385254,0.3522443181818182,0,5.8725996017456055,0.09758522727272727,2
train,156,1716,704,1.0,0.001209523412398994,0.38445335626602173,0.21819602272727273,0,1.2894788980484009,0.3554119318181818,1,5.854452133178711,0.09835227272727273,2
train,157,1727,704,1.0,0.0011654066620394588,0.3848843574523926,0.21802556818181817,0,1.2950996160507202,0.35296875,0,5.87454080581665,0.0984090909090909,2
train,158,1738,704,1.0,0.0011455684434622526,0.38513612747192383,0.21832386363636364,0,1.2972099781036377,0.35295454545454547,0,5.905811309814453,0.09788352272727273,2
train,159,1749,704,1.0,0.0011245716596022248,0.3854285776615143,0.21811079545454545,0,1.295708417892456,0.35461647727272727,1,5.886160850524902,0.0987784090909091,2
train,160,1760,704,1.0,0.0011370530119165778,0.3857221305370331,0.21813920454545455,0,1.3018264770507812,0.3519602272727273,0,5.926624298095703,0.09816761363636364,2
train,161,1771,704,1.0,0.0010856236331164837,0.38604316115379333,0.21822443181818182,0,1.2987245321273804,0.35485795454545455,0,5.906085014343262,0.09889204545454545,2
train,162,1782,704,1.0,0.0010818272130563855,0.386346697807312,0.21816761363636364,0,1.304766297340393,0.3523721590909091,0,5.943272590637207,0.09865056818181818,2
train,163,1793,704,1.0,0.0010439406614750624,0.38665443658828735,0.21838068181818182,0,1.3044090270996094,0.3540340909090909,0,5.946465969085693,0.09887784090909091,2
train,164,1804,704,1.0,0.0010238263057544827,0.38703015446662903,0.21822443181818182,0,1.3053302764892578,0.3544460227272727,0,5.940584182739258,0.09930397727272727,2
train,165,1815,704,1.0,0.0010038964683189988,0.38738352060317993,0.21815340909090908,0,1.307597041130066,0.3542471590909091,0,5.961648941040039,0.09913352272727273,2
train,166,1826,704,1.0,0.0009945259662345052,0.3877032399177551,0.21832386363636364,0,1.3107929229736328,0.35345170454545455,0,5.986957550048828,0.09887784090909091,2
train,167,1837,704,1.0,0.0009721274836920202,0.38805055618286133,0.2183096590909091,0,1.3118282556533813,0.35407670454545453,0,5.989712715148926,0.09904829545454545,2
train,168,1848,704,1.0,0.0009611541754566133,0.3883797526359558,0.21803977272727273,0,1.3127434253692627,0.3545738636363636,0,5.9844770431518555,0.09946022727272727,2
train,169,1859,704,1.0,0.0009408494806848466,0.3886742889881134,0.21816761363636364,0,1.3149700164794922,0.3538210227272727,0,6.01254415512085,0.09913352272727273,2
train,170,1870,704,1.0,0.0009349191095679998,0.38891395926475525,0.21839488636363635,0,1.3169564008712769,0.3536931818181818,0,6.030116081237793,0.09899147727272728,2
train,171,1881,704,1.0,0.000917081197258085,0.3892647624015808,0.21819602272727273,0,1.3161722421646118,0.35542613636363635,0,6.016129493713379,0.09967329545454545,2
train,172,1892,704,1.0,0.0008951415657065809,0.38956937193870544,0.21825284090909092,0,1.3194915056228638,0.35446022727272725,0,6.036314964294434,0.09957386363636364,2
train,173,1903,704,1.0,0.0008927268791012466,0.38985830545425415,0.21845170454545454,0,1.3228565454483032,0.3531818181818182,0,6.062812805175781,0.09927556818181818,2
train,174,1914,704,1.0,0.0008669468224979937,0.3902011215686798,0.21822443181818182,0,1.3222627639770508,0.35446022727272725,0,6.056022644042969,0.0996590909090909,2
train,175,1925,704,1.0,0.0008588306372985244,0.39044904708862305,0.21842329545454545,0,1.3246266841888428,0.35383522727272726,0,6.0774617195129395,0.09931818181818182,2
train,176,1936,704,1.0,0.0008420250960625708,0.3907860219478607,0.21823863636363636,0,1.324516773223877,0.35492897727272726,0,6.069402694702148,0.0998153409090909,2
train,177,1947,704,1.0,0.0008394189062528312,0.39100274443626404,0.2184659090909091,0,1.3258875608444214,0.3552698863636364,0,6.090755939483643,0.0996590909090909,2
train,178,1958,704,1.0,0.0008254606509581208,0.39135923981666565,0.21818181818181817,0,1.3297713994979858,0.3531818181818182,0,6.100973129272461,0.09985795454545454,2
train,179,1969,704,1.0,0.000803656002972275,0.39162468910217285,0.21832386363636364,0,1.329288363456726,0.35501420454545457,0,6.106416702270508,0.0998153409090909,2
train,180,1980,704,1.0,0.000790304271504283,0.391843318939209,0.21855113636363635,0,1.3314191102981567,0.3546875,0,6.122415542602539,0.0996590909090909,2
train,181,1991,704,1.0,0.0007792629185132682,0.39212125539779663,0.21853693181818182,0,1.3326596021652222,0.3548153409090909,0,6.1218061447143555,0.10007102272727272,2
train,182,2002,704,1.0,0.0007714754319749773,0.39241382479667664,0.21848011363636363,0,1.3330456018447876,0.35588068181818183,0,6.1279473304748535,0.10024147727272727,2
train,183,2013,704,1.0,0.0007852259441278875,0.39271166920661926,0.21848011363636363,0,1.339113712310791,0.3527698863636364,0,6.1628899574279785,0.09988636363636363,2
train,184,2024,704,1.0,0.0007480758940801024,0.39306923747062683,0.21839488636363635,0,1.336153507232666,0.3558096590909091,0,6.144790172576904,0.100625,2
train,185,2035,704,1.0,0.0007322551100514829,0.39335736632347107,0.2184659090909091,0,1.3393642902374268,0.3546590909090909,0,6.168188571929932,0.10029829545454545,2
train,186,2046,704,1.0,0.0007272492512129247,0.39361152052879333,0.21853693181818182,0,1.3417613506317139,0.3541193181818182,0,6.189877986907959,0.09990056818181818,2
train,187,2057,704,1.0,0.0007542298990301788,0.3938833773136139,0.21819602272727273,0,1.3377293348312378,0.3572727272727273,0,6.153998374938965,0.10098011363636364,2
train,188,2068,704,1.0,0.0007165322313085198,0.394081175327301,0.21852272727272729,0,1.3449578285217285,0.35370738636363636,0,6.204092025756836,0.10002840909090908,2
train,189,2079,704,1.0,0.0007320644799619913,0.394413560628891,0.21806818181818183,0,1.3406810760498047,0.3570028409090909,0,6.168462753295898,0.10140625,2
train,190,2090,704,1.0,0.0007384559721685946,0.39454352855682373,0.21857954545454544,0,1.3501062393188477,0.3522017045454545,0,6.233023166656494,0.10021306818181819,2
train,191,2101,704,1.0,0.0006721213576383889,0.39484432339668274,0.21838068181818182,0,1.3473390340805054,0.3548153409090909,0,6.216196060180664,0.10113636363636364,2
train,192,2112,704,1.0,0.0006637450424022973,0.3951396048069,0.21852272727272729,0,1.3469016551971436,0.35578125,0,6.21636962890625,0.10098011363636364,2
train,193,2123,704,1.0,0.0006537692970596254,0.3953658640384674,0.21863636363636363,0,1.3508334159851074,0.35416193181818184,0,6.242146015167236,0.10071022727272727,2
train,194,2134,704,1.0,0.000641467806417495,0.3956437408924103,0.2184943181818182,0,1.350677251815796,0.35504261363636364,0,6.2390289306640625,0.10105113636363636,2
train,195,2145,704,1.0,0.0006389059708453715,0.39586085081100464,0.21876420454545453,0,1.3538472652435303,0.3541335227272727,0,6.267666816711426,0.10068181818181818,2
train,196,2156,704,1.0,0.0006223784876056015,0.39615917205810547,0.21859375,0,1.3538557291030884,0.3550994318181818,0,6.260011672973633,0.10113636363636364,2
train,197,2167,704,1.0,0.0006165708764456213,0.3964557647705078,0.21842329545454545,0,1.355741262435913,0.3547585227272727,0,6.268306255340576,0.10110795454545454,2
train,198,2178,704,1.0,0.0006057381979189813,0.39667388796806335,0.21860795454545454,0,1.3570595979690552,0.3550994318181818,0,6.28347110748291,0.10105113636363636,2
train,199,2189,704,1.0,0.0006018027197569609,0.3969491720199585,0.21863636363636363,0,1.3568609952926636,0.3562926136363636,0,6.291031837463379,0.1010653409090909,2
train,200,2200,704,1.0,0.0005926117883063853,0.39712077379226685,0.2184943181818182,0,1.3600152730941772,0.3548863636363636,0,6.298247337341309,0.10116477272727273,2
validation,1,11,148,0.3310810810810811,1.0992443561553955,0.03424549475312233,0.2745945945945946,1,0.028482509776949883,0.1945945945945946,3,0.029019614681601524,0.09101351351351351,2
validation,2,22,148,0.3918918918918919,1.081302285194397,0.0500185489654541,0.2429054054054054,5,0.06705837696790695,0.17513513513513512,4,0.09967470169067383,0.04317567567567568,0
validation,3,33,148,0.5945945945945946,1.0509610176086426,0.06499627232551575,0.20790540540540542,8,0.11157935857772827,0.18864864864864864,4,0.2088073343038559,0.03506756756756757,0
validation,4,44,148,0.5540540540540541,1.0170366764068604,0.07365403324365616,0.2139864864864865,6,0.14209359884262085,0.2325,4,0.31003332138061523,0.04432432432432432,0
validation,5,55,148,0.5202702702702703,0.9865928888320923,0.07398607581853867,0.23554054054054055,7,0.1356678456068039,0.30743243243243246,5,0.31307101249694824,0.07756756756756757,0
validation,6,66,148,0.5608108108108109,0.9577546119689941,0.07295667380094528,0.27952702702702703,7,0.12762917578220367,0.3613513513513513,3,0.3008973300457001,0.18202702702702703,0
validation,7,77,148,0.5743243243243243,0.9275936484336853,0.07876108586788177,0.2752027027027027,5,0.14580665528774261,0.3683108108108108,8,0.37388256192207336,0.20358108108108108,0
validation,8,88,148,0.6756756756756757,0.8992297053337097,0.08330727368593216,0.2737162162162162,5,0.15024633705615997,0.3712162162162162,8,0.3971238136291504,0.1862837837837838,0
validation,9,99,148,0.668918918918919,0.8725647926330566,0.09114038199186325,0.2631756756756757,4,0.15807536244392395,0.37986486486486487,8,0.42829686403274536,0.16689189189189188,0
validation,10,110,148,0.6418918918918919,0.8340392708778381,0.10187278687953949,0.252027027027027,5,0.19636401534080505,0.35364864864864864,8,0.5528032183647156,0.1562837837837838,0
validation,11,121,148,0.6486486486486487,0.7999188899993896,0.11389253288507462,0.23675675675675675,3,0.22555027902126312,0.3539189189189189,8,0.6465469002723694,0.15405405405405406,2
validation,12,132,148,0.6621621621621622,0.7590190172195435,0.1252538412809372,0.22635135135135134,3,0.2499198317527771,0.36033783783783785,8,0.7357468605041504,0.15054054054054053,2
validation,13,143,148,0.6554054054054054,0.7314894199371338,0.13619104027748108,0.21844594594594594,3,0.2832164764404297,0.3559459459459459,7,0.8545041680335999,0.14506756756756756,4
validation,14,154,148,0.6891891891891891,0.7043502330780029,0.14455655217170715,0.21574324324324323,3,0.3199135661125183,0.34283783783783783,5,0.9857706427574158,0.1372972972972973,4
validation,15,165,148,0.6824324324324325,0.6812537312507629,0.1501024067401886,0.21493243243243243,2,0.3189505636692047,0.3635135135135135,7,0.9712279438972473,0.1377027027027027,4
validation,16,176,148,0.7432432432432432,0.6404020190238953,0.1564217507839203,0.21432432432432433,2,0.3419173061847687,0.3605405405405405,6,1.057774543762207,0.11966216216216216,4
validation,17,187,148,0.722972972972973,0.6154803037643433,0.16305571794509888,0.21094594594594596,2,0.360763281583786,0.3634459459459459,7,1.1444506645202637,0.11168918918918919,4
validation,18,198,148,0.7567567567567568,0.5804699063301086,0.1691780388355255,0.20716216216216216,1,0.38177892565727234,0.3616891891891892,6,1.2260411977767944,0.10547297297297298,3
validation,19,209,148,0.8040540540540541,0.5436025857925415,0.1770368069410324,0.20445945945945945,2,0.3998374938964844,0.365472972972973,6,1.2942715883255005,0.10108108108108108,3
validation,20,220,148,0.8108108108108109,0.5027768015861511,0.1831682324409485,0.20506756756756755,1,0.40524381399154663,0.37756756756756754,6,1.311465859413147,0.09824324324324324,3
validation,21,231,148,0.8445945945945946,0.46003156900405884,0.19084011018276215,0.20101351351351351,1,0.436450719833374,0.37175675675675673,5,1.4745020866394043,0.0920945945945946,3
validation,22,242,148,0.8716216216216216,0.4172881841659546,0.19807475805282593,0.19797297297297298,2,0.45139265060424805,0.38006756756756754,4,1.5365577936172485,0.0895945945945946,3
validation,23,253,148,0.9121621621621622,0.37750348448753357,0.20541569590568542,0.19743243243243244,2,0.47599247097969055,0.37513513513513513,4,1.637358546257019,0.08783783783783784,3
validation,24,264,148,0.918918918918919,0.3483903706073761,0.2147209495306015,0.1912162162162162,1,0.5229743719100952,0.36108108108108106,5,1.8528488874435425,0.08851351351351351,3
validation,25,275,148,0.918918918918919,0.30959266424179077,0.2211417257785797,0.19385135135135134,1,0.5125158429145813,0.38216216216216214,5,1.793585181236267,0.08736486486486486,3
validation,26,286,148,0.9459459459459459,0.2748430073261261,0.22797465324401855,0.1922972972972973,1,0.537395179271698,0.3793918918918919,5,1.9339169263839722,0.08337837837837837,3
validation,27,297,148,0.972972972972973,0.23259644210338593,0.23637627065181732,0.1833108108108108,1,0.5806149244308472,0.3729054054054054,4,2.125722646713257,0.08925675675675676,3
validation,28,308,148,0.9797297297297297,0.20426468551158905,0.24230459332466125,0.18506756756756756,1,0.6038293242454529,0.37351351351351353,4,2.2536380290985107,0.08932432432432433,3
validation,29,319,148,0.972972972972973,0.18356065452098846,0.24871861934661865,0.18804054054054054,1,0.6147570013999939,0.3872972972972973,4,2.2907190322875977,0.09337837837837838,3
validation,30,330,148,0.9932432432432432,0.15799292922019958,0.2548282742500305,0.18783783783783783,1,0.6441419720649719,0.3852027027027027,4,2.434880256652832,0.09385135135135135,3
validation,31,341,148,0.972972972972973,0.14834082126617432,0.2603761553764343,0.18891891891891893,1,0.6584885716438293,0.3911486486486486,3,2.4780030250549316,0.09756756756756757,3
validation,32,352,148,0.9797297297297297,0.1342984288930893,0.2650529742240906,0.18736486486486487,1,0.6752002239227295,0.39513513513513515,3,2.5556416511535645,0.09648648648648649,2
validation,33,363,148,0.972972972972973,0.11773444712162018,0.26865121722221375,0.1887162162162162,1,0.7094263434410095,0.3831756756756757,3,2.7302908897399902,0.09472972972972973,2
validation,34,374,148,0.9864864864864865,0.10302238911390305,0.2722914218902588,0.19182432432432434,1,0.7163187265396118,0.3925,3,2.751267910003662,0.09641891891891892,2
validation,35,385,148,1.0,0.09204424917697906,0.27610719203948975,0.19182432432432434,1,0.7364187240600586,0.3906756756756757,3,2.8221161365509033,0.09858108108108109,2
validation,36,396,148,1.0,0.08388707786798477,0.27966129779815674,0.19162162162162164,1,0.7506356239318848,0.39087837837837835,3,2.8881473541259766,0.09864864864864865,2
validation,37,407,148,0.9864864864864865,0.07753614336252213,0.28324881196022034,0.19216216216216217,1,0.7677514553070068,0.38972972972972975,3,2.982078790664673,0.09898648648648649,2
validation,38,418,148,1.0,0.07772123068571091,0.2856294512748718,0.19398648648648648,1,0.7652868032455444,0.4,3,2.978301763534546,0.09966216216216216,2
validation,39,429,148,1.0,0.07160178571939468,0.2882736623287201,0.1939189189189189,1,0.7787004709243774,0.3989189189189189,3,3.00118088722229,0.10195945945945946,2
validation,40,440,148,1.0,0.05937293916940689,0.29208865761756897,0.1941216216216216,1,0.803930401802063,0.3923648648648649,3,3.1652631759643555,0.09655405405405405,1
validation,41,451,148,0.9797297297297297,0.07296852022409439,0.29355284571647644,0.19466216216216217,1,0.8370019793510437,0.379527027027027,3,3.3404054641723633,0.09351351351351352,1
validation,42,462,148,1.0,0.0567927286028862,0.29360225796699524,0.19777027027027028,1,0.8071227073669434,0.3960810810810811,2,3.1481077671051025,0.09,2
validation,43,473,148,1.0,0.05306881666183472,0.29570403695106506,0.19972972972972974,1,0.8224736452102661,0.3943918918918919,2,3.2247138023376465,0.08986486486486486,1
validation,44,484,148,1.0,0.04741039127111435,0.2984256446361542,0.20087837837837838,1,0.831599771976471,0.3952702702702703,2,3.279419183731079,0.08878378378378378,2
validation,45,495,148,1.0,0.045932281762361526,0.3009960949420929,0.2006081081081081,1,0.8437327742576599,0.3935135135135135,2,3.3258039951324463,0.0895945945945946,2
validation,46,506,148,1.0,0.04148426651954651,0.3035096526145935,0.20128378378378378,1,0.8546285629272461,0.39385135135135135,3,3.3921542167663574,0.08945945945945946,2
validation,47,517,148,1.0,0.043648287653923035,0.30618175864219666,0.20155405405405405,1,0.8615447878837585,0.3964864864864865,3,3.4181699752807617,0.09108108108108108,2
validation,48,528,148,1.0,0.03680617734789848,0.30809107422828674,0.20202702702702702,1,0.8722474575042725,0.3957432432432432,3,3.472334623336792,0.09054054054054055,2
validation,49,539,148,0.9932432432432432,0.04870224744081497,0.3098789155483246,0.20290540540540541,1,0.8713306188583374,0.4006756756756757,3,3.481078624725342,0.09094594594594595,2
validation,50,550,148,1.0,0.0322125181555748,0.31220686435699463,0.20304054054054055,1,0.8927327394485474,0.3945945945945946,3,3.5868232250213623,0.0902027027027027,2
validation,51,561,148,1.0,0.029701311141252518,0.31432387232780457,0.20277027027027028,1,0.905718207359314,0.3924324324324324,2,3.651130199432373,0.09027027027027026,2
validation,52,572,148,1.0,0.03159394860267639,0.316594660282135,0.20277027027027028,1,0.9063604474067688,0.39675675675675676,3,3.646550416946411,0.09148648648648648,2
validation,53,583,148,1.0,0.02633003331720829,0.31798478960990906,0.20371621621621622,1,0.9232016801834106,0.3928378378378378,3,3.758013963699341,0.08810810810810811,2
validation,54,594,148,1.0,0.02673199586570263,0.3196633458137512,0.20256756756756758,1,0.9212787747383118,0.39682432432432435,2,3.719606637954712,0.09074324324324325,2
validation,55,605,148,1.0,0.02570999599993229,0.3214455246925354,0.20371621621621622,1,0.9340944886207581,0.3947972972972973,3,3.8005130290985107,0.08858108108108108,2
validation,56,616,148,1.0,0.02526186592876911,0.323190301656723,0.20290540540540541,0,0.9343514442443848,0.3989864864864865,3,3.7924134731292725,0.0893918918918919,2
validation,57,627,148,1.0,0.02196822687983513,0.32451170682907104,0.20351351351351352,0,0.9473271369934082,0.3954054054054054,3,3.8720929622650146,0.08743243243243243,2
validation,58,638,148,1.0,0.020982936024665833,0.3262530267238617,0.20445945945945945,1,0.9542644619941711,0.3956756756756757,3,3.9043920040130615,0.0875,2
validation,59,649,148,1.0,0.02034357190132141,0.3276602029800415,0.20540540540540542,1,0.9586726427078247,0.39716216216216216,2,3.922034502029419,0.08810810810810811,2
validation,60,660,148,1.0,0.022046424448490143,0.32915833592414856,0.2047972972972973,0,0.9626643061637878,0.39844594594594596,3,3.942323684692383,0.08831081081081081,2
validation,61,671,148,1.0,0.018116939812898636,0.33046355843544006,0.20513513513513512,0,0.9748356938362122,0.3956081081081081,2,4.011467456817627,0.08695945945945946,2
validation,62,682,148,1.0,0.018585143610835075,0.3319191336631775,0.20601351351351352,0,0.9787948727607727,0.3969594594594595,3,4.024641990661621,0.08810810810810811,2
validation,63,693,148,1.0,0.018355781212449074,0.3332103192806244,0.2066891891891892,1,0.9816212058067322,0.3991216216216216,3,4.039674282073975,0.08824324324324324,2
validation,64,704,148,1.0,0.0156954824924469,0.33477142453193665,0.20641891891891892,1,0.9957128763198853,0.3956756756756757,3,4.1182332038879395,0.0875,2
validation,65,715,148,1.0,0.01658277027308941,0.3359941244125366,0.2072972972972973,1,0.997778594493866,0.3975,2,4.12923526763916,0.08804054054054054,2
validation,66,726,148,1.0,0.01542738638818264,0.3369521498680115,0.20662162162162162,0,1.0013926029205322,0.3981756756756757,3,4.1352033615112305,0.08844594594594594,2
validation,67,737,148,1.0,0.014238061383366585,0.337992787361145,0.20736486486486486,0,1.0114372968673706,0.39682432432432435,3,4.20170783996582,0.08831081081081081,2
validation,68,748,148,1.0,0.014721941202878952,0.3393457233905792,0.20790540540540542,0,1.0139555931091309,0.3985810810810811,3,4.214743137359619,0.08810810810810811,2
validation,69,759,148,1.0,0.013011896051466465,0.340436726808548,0.20716216216216216,0,1.0213571786880493,0.39635135135135136,3,4.244318962097168,0.08858108108108108,2
validation,70,770,148,1.0,0.01856447570025921,0.34152457118034363,0.20702702702702702,0,1.016835331916809,0.40283783783783783,3,4.2158684730529785,0.0902027027027027,2
validation,71,781,148,1.0,0.011966929771006107,0.34249162673950195,0.2070945945945946,0,1.032649278640747,0.39668918918918916,3,4.31001091003418,0.08878378378378378,2
validation,72,792,148,1.0,0.012169229798018932,0.343446284532547,0.20702702702702702,0,1.0336519479751587,0.3983108108108108,3,4.304888725280762,0.0895945945945946,2
validation,73,803,148,1.0,0.012068470008671284,0.3444344401359558,0.2081756756756757,1,1.0371901988983154,0.39966216216216216,3,4.31957483291626,0.08952702702702703,2
validation,74,814,148,1.0,0.011914153583347797,0.3454893231391907,0.2089864864864865,1,1.0402791500091553,0.40006756756756756,3,4.344575881958008,0.08925675675675676,2
validation,75,825,148,1.0,0.011048349551856518,0.34642139077186584,0.20925675675675676,1,1.0485765933990479,0.39837837837837836,3,4.390550136566162,0.0895945945945946,2
validation,76,836,148,1.0,0.010982218198478222,0.34765931963920593,0.20804054054054055,0,1.0499461889266968,0.40074324324324323,3,4.382297515869141,0.09054054054054055,2
validation,77,847,148,1.0,0.010452888906002045,0.348585844039917,0.20831081081081082,0,1.0585535764694214,0.39844594594594596,3,4.445387840270996,0.08932432432432433,2
validation,78,858,148,1.0,0.010657661594450474,0.3495563864707947,0.20797297297297299,0,1.0598504543304443,0.40087837837837836,3,4.449098587036133,0.09060810810810811,2
validation,79,869,148,1.0,0.009398573078215122,0.35032060742378235,0.20885135135135136,0,1.0667054653167725,0.3987162162162162,3,4.48086404800415,0.08993243243243243,2
validation,80,880,148,1.0,0.009569565765559673,0.3514123558998108,0.2087837837837838,0,1.0682828426361084,0.40033783783783783,3,4.482619285583496,0.09067567567567568,2
validation,81,891,148,1.0,0.009147933684289455,0.3523707985877991,0.20864864864864865,0,1.0742311477661133,0.39905405405405403,3,4.50678014755249,0.09108108108108108,2
validation,82,902,148,1.0,0.009123356081545353,0.35326409339904785,0.2093918918918919,0,1.079768419265747,0.39385135135135135,2,4.547492504119873,0.08993243243243243,2
validation,83,913,148,1.0,0.008224816992878914,0.3540898263454437,0.20952702702702702,0,1.0890744924545288,0.38885135135135135,2,4.571878910064697,0.08925675675675676,2
validation,84,924,148,1.0,0.008830645121634007,0.3548808991909027,0.20885135135135136,0,1.0889239311218262,0.39337837837837836,2,4.580648422241211,0.08952702702702703,2
validation,85,935,148,1.0,0.007772167678922415,0.3556569218635559,0.20925675675675676,0,1.0951082706451416,0.39222972972972975,2,4.60905647277832,0.08905405405405406,2
validation,86,946,148,1.0,0.008022403344511986,0.3565804362297058,0.20952702702702702,0,1.098807692527771,0.3935135135135135,2,4.631659507751465,0.0893918918918919,2
validation,87,957,148,1.0,0.00727445213124156,0.3573618531227112,0.2102027027027027,0,1.1040350198745728,0.39297297297297296,2,4.6663641929626465,0.08851351351351351,2
validation,88,968,148,1.0,0.007185404188930988,0.35829952359199524,0.21013513513513513,0,1.107365369796753,0.3935135135135135,1,4.680165767669678,0.08871621621621621,2
validation,89,979,148,1.0,0.007874470204114914,0.35909509658813477,0.20986486486486486,0,1.1075501441955566,0.39668918918918916,2,4.687171459197998,0.08878378378378378,2
validation,90,990,148,1.0,0.006629376206547022,0.3596667945384979,0.2093918918918919,0,1.1243391036987305,0.387027027027027,1,4.770105361938477,0.08817567567567568,2
validation,91,1001,148,1.0,0.008257722482085228,0.36040252447128296,0.2091891891891892,0,1.1111494302749634,0.39824324324324323,2,4.707211017608643,0.08993243243243243,2
validation,92,1012,148,1.0,0.0062214103527367115,0.3609156906604767,0.20945945945945946,0,1.121765375137329,0.3932432432432432,2,4.752091407775879,0.08945945945945946,2
validation,93,1023,148,1.0,0.006460817065089941,0.3616977632045746,0.2095945945945946,0,1.1234248876571655,0.39466216216216216,2,4.760127544403076,0.09,2
validation,94,1034,148,1.0,0.006392453797161579,0.3624420464038849,0.2095945945945946,0,1.128487229347229,0.3939189189189189,2,4.795825481414795,0.09,2
validation,95,1045,148,1.0,0.006134365685284138,0.3632338345050812,0.20932432432432432,0,1.1305385828018188,0.3948648648648649,2,4.799552917480469,0.09047297297297298,2
validation,96,1056,148,1.0,0.005861197132617235,0.36373719573020935,0.20966216216216216,0,1.1327183246612549,0.3952702702702703,2,4.80906867980957,0.09087837837837838,2
validation,97,1067,148,1.0,0.006214348133653402,0.36446401476860046,0.21006756756756756,0,1.137542486190796,0.3953378378378378,2,4.852353096008301,0.09033783783783783,2
validation,98,1078,148,1.0,0.005540359299629927,0.3652205169200897,0.20966216216216216,0,1.140708088874817,0.3949324324324324,2,4.853097438812256,0.09135135135135135,2
validation,99,1089,148,1.0,0.005451290402561426,0.3659875690937042,0.20972972972972972,0,1.1442909240722656,0.3949324324324324,2,4.867685317993164,0.0918918918918919,2
validation,100,1100,148,1.0,0.005445812828838825,0.3665609061717987,0.21027027027027026,0,1.1482040882110596,0.39513513513513515,2,4.904376029968262,0.09148648648648648,2
validation,101,1111,148,1.0,0.005459407344460487,0.3673465847969055,0.2102027027027027,0,1.1482244729995728,0.39668918918918916,2,4.895993232727051,0.09256756756756757,2
validation,102,1122,148,1.0,0.005046798847615719,0.36792758107185364,0.20986486486486486,0,1.1547465324401855,0.395,2,4.930309295654297,0.09263513513513513,2
validation,103,1133,148,1.0,0.005140975583344698,0.3685363531112671,0.21033783783783783,0,1.157608985900879,0.3952702702702703,2,4.9540276527404785,0.09222972972972973,2
validation,104,1144,148,1.0,0.004668272100389004,0.36921390891075134,0.2102027027027027,0,1.1606390476226807,0.3948648648648649,2,4.9575018882751465,0.09297297297297297,2
validation,105,1155,148,1.0,0.004509014077484608,0.36985284090042114,0.21006756756756756,0,1.1675142049789429,0.3924324324324324,1,5.002772331237793,0.0929054054054054,2
validation,106,1166,148,1.0,0.004693691618740559,0.3703170716762543,0.2102027027027027,0,1.1663624048233032,0.39513513513513515,2,4.9881720542907715,0.09452702702702703,2
validation,107,1177,148,1.0,0.004441733472049236,0.3709234893321991,0.21060810810810812,0,1.170762062072754,0.38891891891891894,1,5.021000862121582,0.09304054054054053,2
validation,108,1188,148,1.0,0.004354436881840229,0.37165239453315735,0.2104054054054054,0,1.1725919246673584,0.3910135135135135,1,5.029214382171631,0.09385135135135135,2
validation,109,1199,148,1.0,0.004394049756228924,0.37216874957084656,0.21033783783783783,0,1.1738981008529663,0.39344594594594595,1,5.026702880859375,0.09533783783783784,2
validation,110,1210,148,1.0,0.004145347513258457,0.3727600872516632,0.21033783783783783,0,1.1805927753448486,0.38972972972972975,1,5.06956148147583,0.09412162162162162,2
validation,111,1221,148,1.0,0.003922817762941122,0.3733920454978943,0.21013513513513513,0,1.1840766668319702,0.3894594594594595,0,5.080275535583496,0.09445945945945947,2
validation,112,1232,148,1.0,0.004304421599954367,0.3740001320838928,0.21013513513513513,0,1.1847831010818481,0.3915540540540541,1,5.091507434844971,0.09527027027027027,2
validation,113,1243,148,1.0,0.0037014104891568422,0.3744140565395355,0.21047297297297296,0,1.1890827417373657,0.3907432432432432,0,5.106566905975342,0.09527027027027027,2
validation,114,1254,148,1.0,0.0039208619855344296,0.3749881982803345,0.21047297297297296,0,1.1890121698379517,0.3920945945945946,1,5.1082916259765625,0.09628378378378379,2
validation,115,1265,148,1.0,0.0035154754295945168,0.3755483031272888,0.21047297297297296,0,1.1950005292892456,0.3904054054054054,0,5.125947952270508,0.09635135135135135,2
validation,116,1276,148,1.0,0.00373438885435462,0.37596216797828674,0.2108783783783784,0,1.1985807418823242,0.39087837837837835,0,5.166345119476318,0.09635135135135135,2
validation,117,1287,148,1.0,0.003730712691321969,0.3765491247177124,0.21060810810810812,0,1.1959396600723267,0.39216216216216215,1,5.136526107788086,0.09695945945945945,2
validation,118,1298,148,1.0,0.003195070428773761,0.3770403563976288,0.21060810810810812,0,1.2044605016708374,0.389527027027027,0,5.177177906036377,0.09662162162162162,2
validation,119,1309,148,1.0,0.0037464676424860954,0.3775555193424225,0.21060810810810812,0,1.20432710647583,0.3915540540540541,0,5.190036296844482,0.0972972972972973,2
validation,120,1320,148,1.0,0.0031070346012711525,0.37801602482795715,0.21054054054054053,0,1.2083652019500732,0.3902027027027027,0,5.207060813903809,0.09702702702702702,2
validation,121,1331,148,1.0,0.0032091904431581497,0.37849172949790955,0.21060810810810812,0,1.207767128944397,0.39182432432432435,0,5.209477424621582,0.09716216216216217,2
validation,122,1342,148,1.0,0.003516175551339984,0.37896913290023804,0.2102027027027027,0,1.2085723876953125,0.3928378378378378,1,5.207309246063232,0.09797297297297297,2
validation,123,1353,148,1.0,0.0031380229629576206,0.37936073541641235,0.2102027027027027,0,1.2124149799346924,0.392027027027027,1,5.2166852951049805,0.09878378378378379,2
validation,124,1364,148,1.0,0.0034520714543759823,0.3798729181289673,0.2104054054054054,0,1.2119704484939575,0.39337837837837836,1,5.225031852722168,0.09878378378378379,2
validation,125,1375,148,1.0,0.002754806773737073,0.3803609609603882,0.2104054054054054,0,1.2200722694396973,0.3910135135135135,0,5.254806995391846,0.09858108108108109,2
validation,126,1386,148,1.0,0.003060639835894108,0.38080522418022156,0.2106756756756757,0,1.2202186584472656,0.3923648648648649,1,5.2785162925720215,0.09817567567567567,2
validation,127,1397,148,1.0,0.0029413276351988316,0.38132965564727783,0.21047297297297296,0,1.221240520477295,0.3923648648648649,1,5.267965793609619,0.09952702702702702,2
validation,128,1408,148,1.0,0.0026464080438017845,0.3818298280239105,0.21047297297297296,0,1.2257959842681885,0.3916891891891892,0,5.2899065017700195,0.09925675675675676,2
validation,129,1419,148,1.0,0.0026660854928195477,0.3822844326496124,0.21054054054054053,0,1.2280133962631226,0.39175675675675675,1,5.3065409660339355,0.09918918918918919,2
validation,130,1430,148,1.0,0.0028404046315699816,0.38270804286003113,0.2106756756756757,0,1.2298310995101929,0.39263513513513515,1,5.3266143798828125,0.09912162162162162,2
validation,131,1441,148,1.0,0.0025439062155783176,0.3832106590270996,0.21047297297297296,0,1.2318401336669922,0.3923648648648649,1,5.332691192626953,0.09952702702702702,2
validation,132,1452,148,1.0,0.002512646373361349,0.38371285796165466,0.21060810810810812,0,1.233558177947998,0.3924324324324324,1,5.3358235359191895,0.09972972972972972,2
validation,133,1463,148,1.0,0.0024994651321321726,0.38413888216018677,0.21081081081081082,0,1.238133430480957,0.3911486486486486,0,5.371960639953613,0.09925675675675676,2
validation,134,1474,148,1.0,0.0025044702924788,0.3846845328807831,0.21074324324324326,0,1.2389694452285767,0.39216216216216215,1,5.372228622436523,0.09959459459459459,2
validation,135,1485,148,1.0,0.0023141370620578527,0.38504865765571594,0.21074324324324326,0,1.2432595491409302,0.3907432432432432,0,5.399085521697998,0.09945945945945946,2
validation,136,1496,148,1.0,0.002461093943566084,0.3854154348373413,0.21074324324324326,0,1.241073727607727,0.3927027027027027,1,5.379334449768066,0.1,2
validation,137,1507,148,1.0,0.0021520303562283516,0.38570624589920044,0.21060810810810812,0,1.248279094696045,0.3894594594594595,0,5.424658298492432,0.09952702702702702,2
validation,138,1518,148,1.0,0.0025407990906387568,0.3861253559589386,0.2110810810810811,0,1.2451735734939575,0.3931081081081081,1,5.416869640350342,0.1,2
validation,139,1529,148,1.0,0.002291837241500616,0.38663575053215027,0.2110810810810811,0,1.2477705478668213,0.39263513513513515,1,5.423868179321289,0.09986486486486487,2
validation,140,1540,148,1.0,0.002133890287950635,0.38706374168395996,0.21101351351351352,0,1.251907467842102,0.3915540540540541,1,5.443994045257568,0.1,2
validation,141,1551,148,1.0,0.0022235645446926355,0.3874504864215851,0.2110810810810811,0,1.2528769969940186,0.39216216216216215,1,5.458598613739014,0.09993243243243244,2
validation,142,1562,148,1.0,0.002119725802913308,0.3879321217536926,0.21101351351351352,0,1.2559731006622314,0.39182432432432435,1,5.468397617340088,0.10033783783783784,2
validation,143,1573,148,1.0,0.0022242399863898754,0.3883665204048157,0.21114864864864866,0,1.2534821033477783,0.3931756756756757,1,5.445106029510498,0.10114864864864864,2
validation,144,1584,148,1.0,0.0019263987196609378,0.3885676860809326,0.2110810810810811,0,1.2626744508743286,0.39,0,5.517306327819824,0.09993243243243244,2
validation,145,1595,148,1.0,0.0025737143587321043,0.38913580775260925,0.21114864864864866,0,1.2563674449920654,0.3943918918918919,1,5.472701549530029,0.10209459459459459,2
validation,146,1606,148,1.0,0.001905477955006063,0.3893904387950897,0.2110810810810811,0,1.2644634246826172,0.3914864864864865,1,5.52031135559082,0.10074324324324324,2
validation,147,1617,148,1.0,0.0021511560771614313,0.3896889388561249,0.21101351351351352,0,1.2621785402297974,0.3932432432432432,1,5.511561393737793,0.10128378378378379,2
validation,148,1628,148,1.0,0.0018919396679848433,0.3901490271091461,0.21114864864864866,0,1.2671233415603638,0.3922972972972973,1,5.537026882171631,0.10114864864864864,2
validation,149,1639,148,1.0,0.001984233967959881,0.39058050513267517,0.21114864864864866,0,1.2681289911270142,0.39263513513513515,1,5.538337707519531,0.10189189189189189,2
validation,150,1650,148,1.0,0.001854851609095931,0.3909357488155365,0.21114864864864866,0,1.271488070487976,0.39222972972972975,1,5.56271505355835,0.10135135135135136,2
validation,151,1661,148,1.0,0.002177527640014887,0.39147448539733887,0.21081081081081082,0,1.2675037384033203,0.3939864864864865,1,5.531986713409424,0.10222972972972973,2
validation,152,1672,148,1.0,0.00164215755648911,0.3917858302593231,0.2110810810810811,0,1.2770802974700928,0.3908108108108108,0,5.584011077880859,0.10155405405405406,2
validation,153,1683,148,1.0,0.0020617754198610783,0.3920925557613373,0.2110810810810811,0,1.2741265296936035,0.39337837837837836,1,5.585389614105225,0.10222972972972973,2
validation,154,1694,148,1.0,0.0018414093647152185,0.3925137221813202,0.2108783783783784,0,1.275357723236084,0.3933108108108108,1,5.584225177764893,0.1022972972972973,2
validation,155,1705,148,1.0,0.0016682655550539494,0.39284470677375793,0.21101351351351352,0,1.2815234661102295,0.39141891891891895,1,5.62347936630249,0.10182432432432433,2
validation,156,1716,148,1.0,0.0019463234348222613,0.39321643114089966,0.21114864864864866,0,1.2787314653396606,0.3936486486486486,1,5.606391906738281,0.10256756756756756,2
validation,157,1727,148,1.0,0.001568269683048129,0.3936578333377838,0.21081081081081082,0,1.2841664552688599,0.3915540540540541,1,5.625544548034668,0.10270270270270271,2
validation,158,1738,148,1.0,0.001651780679821968,0.3939123749732971,0.2108783783783784,0,1.286292552947998,0.3918918918918919,1,5.655398845672607,0.1022972972972973,2
validation,159,1749,148,1.0,0.0016675451770424843,0.3942348062992096,0.2108783783783784,0,1.2849751710891724,0.39256756756756755,1,5.6370015144348145,0.10290540540540541,2
validation,160,1760,148,1.0,0.0014547158498317003,0.39452922344207764,0.21101351351351352,0,1.2908604145050049,0.39135135135135135,0,5.675400257110596,0.1022972972972973,2
validation,161,1771,148,1.0,0.0016452635172754526,0.3948769271373749,0.21081081081081082,0,1.287940263748169,0.39256756756756755,1,5.65582799911499,0.10290540540540541,2
validation,162,1782,148,1.0,0.0014347273390740156,0.395179808139801,0.21094594594594596,0,1.2937816381454468,0.39135135135135135,0,5.691296577453613,0.10256756756756756,2
validation,163,1793,148,1.0,0.0015815409133210778,0.39550521969795227,0.21094594594594596,0,1.2935627698898315,0.3923648648648649,0,5.694858551025391,0.10297297297297298,2
validation,164,1804,148,1.0,0.0014539908152073622,0.39589858055114746,0.21094594594594596,0,1.2945395708084106,0.3924324324324324,0,5.689234256744385,0.10317567567567568,2
validation,165,1815,148,1.0,0.0014685073401778936,0.3962589204311371,0.21094594594594596,0,1.2968074083328247,0.3920945945945946,0,5.709303855895996,0.10317567567567568,2
validation,166,1826,148,1.0,0.001414187252521515,0.39658817648887634,0.2108783783783784,0,1.2999277114868164,0.3918918918918919,0,5.733353137969971,0.10290540540540541,2
validation,167,1837,148,1.0,0.0013931429712101817,0.39695289731025696,0.21081081081081082,0,1.3009920120239258,0.39216216216216215,0,5.736155986785889,0.10297297297297298,2
validation,168,1848,148,1.0,0.0013501022476702929,0.397300124168396,0.21060810810810812,0,1.3019107580184937,0.3919594594594595,0,5.73137903213501,0.10297297297297298,2
validation,169,1859,148,1.0,0.00137245689984411,0.3976069688796997,0.21074324324324326,0,1.3041115999221802,0.39222972972972975,0,5.75787878036499,0.10290540540540541,2
validation,170,1870,148,1.0,0.0013394291745498776,0.39785459637641907,0.2106756756756757,0,1.306132197380066,0.39175675675675675,0,5.774824619293213,0.10290540540540541,2
validation,171,1881,148,1.0,0.001431653625331819,0.3982294797897339,0.21060810810810812,0,1.3054453134536743,0.3927027027027027,0,5.761885166168213,0.10317567567567568,2
validation,172,1892,148,1.0,0.0013341379817575216,0.3985414206981659,0.21047297297297296,0,1.3086885213851929,0.392027027027027,0,5.7811150550842285,0.10310810810810811,2
validation,173,1903,148,1.0,0.0012487211497500539,0.3988369107246399,0.21054054054054053,0,1.3119826316833496,0.39128378378378376,0,5.806349754333496,0.10277027027027028,2
validation,174,1914,148,1.0,0.0013010811526328325,0.3991943597793579,0.21054054054054053,0,1.3114813566207886,0.3920945945945946,0,5.799942493438721,0.10310810810810811,2
validation,175,1925,148,1.0,0.0012672565644606948,0.399451345205307,0.21060810810810812,0,1.3137880563735962,0.3916891891891892,0,5.820291042327881,0.10283783783783784,2
validation,176,1936,148,1.0,0.0012762581463903189,0.39980804920196533,0.21047297297297296,0,1.3137528896331787,0.3924324324324324,0,5.812774181365967,0.10331081081081081,2
validation,177,1947,148,1.0,0.0014221355086192489,0.4000367522239685,0.21081081081081082,0,1.3151581287384033,0.3932432432432432,0,5.833291053771973,0.10317567567567568,2
validation,178,1958,148,1.0,0.0011374599998816848,0.40040937066078186,0.21081081081081082,0,1.3188647031784058,0.3912162162162162,0,5.8426361083984375,0.10317567567567568,2
validation,179,1969,148,1.0,0.0012491624802350998,0.4006862938404083,0.21081081081081082,0,1.3185217380523682,0.3927027027027027,0,5.848123550415039,0.10331081081081081,2
validation,180,1980,148,1.0,0.0012046793708577752,0.40091532468795776,0.21074324324324326,0,1.320657730102539,0.3923648648648649,0,5.863576889038086,0.10310810810810811,2
validation,181,1991,148,1.0,0.0011312798596918583,0.4012072682380676,0.2106756756756757,0,1.3219200372695923,0.3924324324324324,0,5.863104820251465,0.10358108108108108,2
validation,182,2002,148,1.0,0.0012468358036130667,0.4015118181705475,0.2106756756756757,0,1.3223556280136108,0.39337837837837836,0,5.869215488433838,0.10358108108108108,2
validation,183,2013,148,1.0,0.001033531385473907,0.4018092751502991,0.21074324324324326,0,1.328236699104309,0.39094594594594595,0,5.902470588684082,0.10331081081081081,2
validation,184,2024,148,1.0,0.0012024708557873964,0.4021906554698944,0.2104054054054054,0,1.3254661560058594,0.3935810810810811,0,5.885447025299072,0.10405405405405406,2
validation,185,2035,148,1.0,0.0011014338815584779,0.40248191356658936,0.2104054054054054,0,1.328620195388794,0.3925,0,5.907730579376221,0.10364864864864864,2
validation,186,2046,148,1.0,0.001109546865336597,0.40274208784103394,0.2104054054054054,0,1.3309698104858398,0.3922972972972973,0,5.92839241027832,0.10337837837837838,2
validation,187,2057,148,1.0,0.001270234351977706,0.4030447006225586,0.21013513513513513,0,1.3271753787994385,0.39432432432432435,0,5.894425868988037,0.1041891891891892,2
validation,188,2068,148,1.0,0.0009779561078175902,0.4032415747642517,0.21054054054054053,0,1.3341383934020996,0.3920945945945946,0,5.941779613494873,0.10344594594594594,2
validation,189,2079,148,1.0,0.001211293158121407,0.40360021591186523,0.21,0,1.3301066160202026,0.39425675675675675,0,5.908308506011963,0.10486486486486486,2
validation,190,2090,148,1.0,0.0009242358501069248,0.40371501445770264,0.21033783783783783,0,1.3391567468643188,0.39054054054054055,0,5.969468116760254,0.10371621621621621,2
validation,191,2101,148,1.0,0.0010618106462061405,0.40403521060943604,0.21013513513513513,0,1.336556077003479,0.39297297297297296,0,5.953505992889404,0.10432432432432433,2
validation,192,2112,148,1.0,0.001079064211808145,0.404348224401474,0.21027027027027026,0,1.3362231254577637,0.3937162162162162,0,5.953530311584473,0.10452702702702703,2
validation,193,2123,148,1.0,0.0009729737648740411,0.4045802056789398,0.2102027027027027,0,1.340029001235962,0.39222972972972975,0,5.977997303009033,0.10425675675675676,2
validation,194,2134,148,1.0,0.0009885483887046576,0.40487298369407654,0.21027027027027026,0,1.3399548530578613,0.39297297297297296,0,5.975127220153809,0.10466216216216216,2
validation,195,2145,148,1.0,0.0010093811433762312,0.40508875250816345,0.21033783783783783,0,1.3430620431900024,0.3922972972972973,0,6.0026750564575195,0.10432432432432433,2
validation,196,2156,148,1.0,0.0009716245695017278,0.40540486574172974,0.21033783783783783,0,1.3431305885314941,0.3927027027027027,0,5.995386600494385,0.1047972972972973,2
validation,197,2167,148,1.0,0.0009066052734851837,0.40571340918540955,0.21006756756756756,0,1.3450133800506592,0.39263513513513515,0,6.00339412689209,0.10493243243243243,2
validation,198,2178,148,1.0,0.0009432728984393179,0.4059404730796814,0.21027027027027026,0,1.346351981163025,0.3927702702702703,0,6.018084526062012,0.10466216216216216,2
validation,199,2189,148,1.0,0.00105742784217,0.4062260389328003,0.2104054054054054,0,1.3462615013122559,0.3936486486486486,0,6.0254082679748535,0.10493243243243243,2
validation,200,2200,148,1.0,0.0008757486939430237,0.4064108431339264,0.21013513513513513,0,1.3493002653121948,0.3923648648648649,0,6.03232479095459,0.105,2
